--
-- PostgreSQL database dump
--

-- Dumped from database version 16.2
-- Dumped by pg_dump version 16.2

SET statement_timeout = 0;
SET lock_timeout = 0;
SET idle_in_transaction_session_timeout = 0;
SET client_encoding = 'UTF8';
SET standard_conforming_strings = on;
SELECT pg_catalog.set_config('search_path', '', false);
SET check_function_bodies = false;
SET xmloption = content;
SET client_min_messages = warning;
SET row_security = off;

SET default_tablespace = '';

SET default_table_access_method = heap;

--
-- Name: app_user; Type: TABLE; Schema: public; Owner: postgres
--

CREATE TABLE public.app_user (
    id bigint NOT NULL,
    email character varying(255),
    name character varying(255),
    profile_info character varying(255),
    role character varying(255),
    team_id bigint,
    password character varying(255) DEFAULT ''::character varying NOT NULL,
    CONSTRAINT app_user_role_check CHECK (((role)::text = ANY ((ARRAY['ADMIN'::character varying, 'TEAM_LEAD'::character varying, 'USER'::character varying])::text[])))
);


ALTER TABLE public.app_user OWNER TO postgres;

--
-- Name: app_user_id_seq; Type: SEQUENCE; Schema: public; Owner: postgres
--

ALTER TABLE public.app_user ALTER COLUMN id ADD GENERATED BY DEFAULT AS IDENTITY (
    SEQUENCE NAME public.app_user_id_seq
    START WITH 1
    INCREMENT BY 1
    NO MINVALUE
    NO MAXVALUE
    CACHE 1
);


--
-- Name: point_history; Type: TABLE; Schema: public; Owner: postgres
--

CREATE TABLE public.point_history (
    id bigint NOT NULL,
    date timestamp(6) without time zone,
    points integer NOT NULL,
    reason character varying(255),
    given_by bigint,
    user_id bigint
);


ALTER TABLE public.point_history OWNER TO postgres;

--
-- Name: point_history_id_seq; Type: SEQUENCE; Schema: public; Owner: postgres
--

ALTER TABLE public.point_history ALTER COLUMN id ADD GENERATED BY DEFAULT AS IDENTITY (
    SEQUENCE NAME public.point_history_id_seq
    START WITH 1
    INCREMENT BY 1
    NO MINVALUE
    NO MAXVALUE
    CACHE 1
);


--
-- Name: project; Type: TABLE; Schema: public; Owner: postgres
--

CREATE TABLE public.project (
    id bigint NOT NULL,
    description character varying(255),
    title character varying(255),
    team_id bigint
);


ALTER TABLE public.project OWNER TO postgres;

--
-- Name: project_history; Type: TABLE; Schema: public; Owner: postgres
--

CREATE TABLE public.project_history (
    id bigint NOT NULL,
    date timestamp(6) without time zone,
    event character varying(255),
    project_id bigint
);


ALTER TABLE public.project_history OWNER TO postgres;

--
-- Name: project_history_id_seq; Type: SEQUENCE; Schema: public; Owner: postgres
--

ALTER TABLE public.project_history ALTER COLUMN id ADD GENERATED BY DEFAULT AS IDENTITY (
    SEQUENCE NAME public.project_history_id_seq
    START WITH 1
    INCREMENT BY 1
    NO MINVALUE
    NO MAXVALUE
    CACHE 1
);


--
-- Name: project_id_seq; Type: SEQUENCE; Schema: public; Owner: postgres
--

ALTER TABLE public.project ALTER COLUMN id ADD GENERATED BY DEFAULT AS IDENTITY (
    SEQUENCE NAME public.project_id_seq
    START WITH 1
    INCREMENT BY 1
    NO MINVALUE
    NO MAXVALUE
    CACHE 1
);


--
-- Name: review; Type: TABLE; Schema: public; Owner: postgres
--

CREATE TABLE public.review (
    id bigint NOT NULL,
    content character varying(255),
    date timestamp(6) without time zone,
    reviewer_id bigint,
    user_id bigint
);


ALTER TABLE public.review OWNER TO postgres;

--
-- Name: review_id_seq; Type: SEQUENCE; Schema: public; Owner: postgres
--

ALTER TABLE public.review ALTER COLUMN id ADD GENERATED BY DEFAULT AS IDENTITY (
    SEQUENCE NAME public.review_id_seq
    START WITH 1
    INCREMENT BY 1
    NO MINVALUE
    NO MAXVALUE
    CACHE 1
);


--
-- Name: skill; Type: TABLE; Schema: public; Owner: postgres
--

CREATE TABLE public.skill (
    id bigint NOT NULL,
    name character varying(255)
);


ALTER TABLE public.skill OWNER TO postgres;

--
-- Name: skill_id_seq; Type: SEQUENCE; Schema: public; Owner: postgres
--

ALTER TABLE public.skill ALTER COLUMN id ADD GENERATED BY DEFAULT AS IDENTITY (
    SEQUENCE NAME public.skill_id_seq
    START WITH 1
    INCREMENT BY 1
    NO MINVALUE
    NO MAXVALUE
    CACHE 1
);


--
-- Name: skill_update_request; Type: TABLE; Schema: public; Owner: postgres
--

CREATE TABLE public.skill_update_request (
    id bigint NOT NULL,
    points_awarded integer NOT NULL,
    status character varying(255),
    reviewed_by bigint,
    skill_id bigint,
    user_id bigint,
    updated_at timestamp(6) without time zone,
    CONSTRAINT skill_update_request_status_check CHECK (((status)::text = ANY ((ARRAY['PENDING'::character varying, 'APPROVED'::character varying, 'REJECTED'::character varying])::text[])))
);


ALTER TABLE public.skill_update_request OWNER TO postgres;

--
-- Name: skill_update_request_id_seq; Type: SEQUENCE; Schema: public; Owner: postgres
--

ALTER TABLE public.skill_update_request ALTER COLUMN id ADD GENERATED BY DEFAULT AS IDENTITY (
    SEQUENCE NAME public.skill_update_request_id_seq
    START WITH 1
    INCREMENT BY 1
    NO MINVALUE
    NO MAXVALUE
    CACHE 1
);


--
-- Name: task; Type: TABLE; Schema: public; Owner: postgres
--

CREATE TABLE public.task (
    id bigint NOT NULL,
    completed boolean NOT NULL,
    description character varying(255),
    assigned_user_id bigint,
    project_id bigint,
    due_date timestamp(6) without time zone,
    status character varying(255),
    title character varying(255)
);


ALTER TABLE public.task OWNER TO postgres;

--
-- Name: task_id_seq; Type: SEQUENCE; Schema: public; Owner: postgres
--

ALTER TABLE public.task ALTER COLUMN id ADD GENERATED BY DEFAULT AS IDENTITY (
    SEQUENCE NAME public.task_id_seq
    START WITH 1
    INCREMENT BY 1
    NO MINVALUE
    NO MAXVALUE
    CACHE 1
);


--
-- Name: team; Type: TABLE; Schema: public; Owner: postgres
--

CREATE TABLE public.team (
    id bigint NOT NULL,
    name character varying(255),
    lead_id bigint,
    description character varying(500)
);


ALTER TABLE public.team OWNER TO postgres;

--
-- Name: team_history; Type: TABLE; Schema: public; Owner: postgres
--

CREATE TABLE public.team_history (
    id bigint NOT NULL,
    date timestamp(6) without time zone,
    event character varying(255),
    team_id bigint,
    team_name character varying(255)
);


ALTER TABLE public.team_history OWNER TO postgres;

--
-- Name: team_history_id_seq; Type: SEQUENCE; Schema: public; Owner: postgres
--

ALTER TABLE public.team_history ALTER COLUMN id ADD GENERATED BY DEFAULT AS IDENTITY (
    SEQUENCE NAME public.team_history_id_seq
    START WITH 1
    INCREMENT BY 1
    NO MINVALUE
    NO MAXVALUE
    CACHE 1
);


--
-- Name: team_id_seq; Type: SEQUENCE; Schema: public; Owner: postgres
--

ALTER TABLE public.team ALTER COLUMN id ADD GENERATED BY DEFAULT AS IDENTITY (
    SEQUENCE NAME public.team_id_seq
    START WITH 1
    INCREMENT BY 1
    NO MINVALUE
    NO MAXVALUE
    CACHE 1
);


--
-- Data for Name: app_user; Type: TABLE DATA; Schema: public; Owner: postgres
--

COPY public.app_user (id, email, name, profile_info, role, team_id, password) FROM stdin;
3	john@example.com	John Doe	Bio and certifications here	USER	13	$2a$10$sldGnpFGCII/rauWgze44uUbkB6yXBWIbeFotEPYeJfNuS1M/aLGa
6	mark.spencer@example.com	Mark Spencer	Updated via API test	USER	\N	$2a$10$K5iQYLXE86zCnpG1fE9W4OF5MAtFax.WTr2ZZF7tz4fAHE8Ujade6
12	test2@example.com	Test User Two	QA Member	USER	\N	$2a$10$sqvNzXNDpiVs68/NR4qoG.XtYrFaxlFjTC2TvzMm4HUAtdPBRTrv2
9	carla.lead@example.com	Carla TechLead	Experienced backend engineer	TEAM_LEAD	\N	$2a$10$zFzXMVCwY.jPS7d3qCp4Z.SSLkGsK0mw9WuQUrqrpmC7vMA4RGryW
10	ethan.dev@example.com	Ethan Dev	Angular developer	TEAM_LEAD	\N	$2a$10$CHm5MMHrO.d0YOD71y8HsO8ERFHFF4NvJ00TzWZnG0nlE1WyYizoi
16	leo.jacobs@example.com	Leo Jacobs	Leads the mobile team	TEAM_LEAD	\N	$2a$10$qA9D8PZmNy2STTn5bjcKFOv1m930dx.f5Ub3Q.vdDxPWkHwpoM/ye
35	test1@example.com	Test User One	Testing user A	USER	9	$2a$10$5jHTroiweMgqLyRFVCyoFewfXnFFfbEj6jai0lp4xKxSv5rVq.8pO
2	alice.updated@example.com	Alice Updated Again	Re-updated bio	USER	13	$2a$10$351wkQgkvTqU2JaAW3QmuuBsonpRdCErFJpSXpRLapXPWSO/74Lpu
13	sophie.nguyen@example.com	Sophie Nguyen	Junior QA engineerl	USER	\N	$2a$10$YqPUHKvnnhmTzGEf5CWPOeHtE4ldMsxHUbLkNSkIYwTLkbQCDOKSW
5	eve@example.com	Eve	New user bio	USER	13	$2a$10$uFh2XT.afNn9dUw.1.8GzekC5JCYABXfZIEF55LEm7caCifwOcOXK
15	nina.harper@example.com	Nina Harper	Product managerkkk	USER	\N	$2a$10$x9lZeGKp2GT4oCqQMW6tteFY7PH7BGs9BBLGURz5p9EGejkj9ocQK
37	johncena@gmail.com	john cena	goatiii	USER	13	$2a$10$i4eHVb2JQVhGIjlPRTD0pOixYBGHACNapwRCwdoW53HvGTRPVhkmK
17	derek.chan@example.com	Derek Chan	Database engineerjjj	USER	13	$2a$10$2X5cL0Rfj3rO.n4KEhFR7ee63A.W9JVg/gPqJT.8PrINqfF0mkz6K
14	victor.stone@example.com	Victor Stone	DevOps specialists	TEAM_LEAD	\N	$2a$10$87gFsNS1fSsdQNM7ocDMauousJxFyNNATbXJgESMM3oE4M.mPBtJy
8	admin.bob@example.com	bobbito 	boss	ADMIN	\N	$2a$10$evKb24eOZ6EU5EWgmg3wQOp6LUX185N.xLbk18SGXBLiGObSEpb9G
\.


--
-- Data for Name: point_history; Type: TABLE DATA; Schema: public; Owner: postgres
--

COPY public.point_history (id, date, points, reason, given_by, user_id) FROM stdin;
4	2025-07-10 14:06:29.944114	50	Skill approved: null	8	6
5	2025-07-10 15:18:43.704473	25	Skill approved: Advanced Java Programming	8	6
6	2025-07-18 15:50:33.663029	99	goat	8	37
7	2025-07-22 11:46:43.197248	10	kkk	8	9
8	2025-07-23 12:43:54.43205	80	Skill approved: Advanced Java Programming	\N	17
9	2025-07-25 12:01:18.246965	22	ggg	8	5
10	2025-07-25 12:27:04.898378	40	Skill approved: rapo	\N	16
11	2025-07-25 13:09:02.983744	22	cool	8	12
12	2025-07-25 13:36:22.754051	10	zz	8	5
13	2025-07-31 13:09:48.834106	31	cuz i said so 	8	13
14	2025-07-31 14:48:56.566002	10	gu	8	2
\.


--
-- Data for Name: project; Type: TABLE DATA; Schema: public; Owner: postgres
--

COPY public.project (id, description, title, team_id) FROM stdin;
3	Improve response time and scalability	API Optimization	\N
5	A brand new project for testing	New Project X	26
8	aaa	llalal	26
9	uuuuu	uuuuuuu	16
10	aaaaaaaa	popop	38
\.


--
-- Data for Name: project_history; Type: TABLE DATA; Schema: public; Owner: postgres
--

COPY public.project_history (id, date, event, project_id) FROM stdin;
2	2025-07-04 16:00:58.908975	\N	\N
6	2025-07-21 16:47:06.901891	aaaa	5
7	2025-07-21 16:50:41.739857	aaaaaaaaa	5
9	2025-07-22 08:36:31.593708	ljkjk	3
10	2025-07-25 10:29:07.021608	nnn	8
\.


--
-- Data for Name: review; Type: TABLE DATA; Schema: public; Owner: postgres
--

COPY public.review (id, content, date, reviewer_id, user_id) FROM stdin;
10	u a tester huh	2025-07-22 14:59:05.598221	8	35
11	u the goat man	2025-07-22 15:02:36.946992	8	37
12	aaa	2025-07-25 10:30:55.525259	8	6
13	eeeeeeeee	2025-07-25 11:13:33.694096	8	16
14	you suck	2025-07-31 13:09:15.497037	8	35
\.


--
-- Data for Name: skill; Type: TABLE DATA; Schema: public; Owner: postgres
--

COPY public.skill (id, name) FROM stdin;
2	Python Programming
1	Advanced Java Programming
4	security expert
6	rapo
9	hhhh
10	uuu
11	lllllllllllllllll
12	killin
13	non
\.


--
-- Data for Name: skill_update_request; Type: TABLE DATA; Schema: public; Owner: postgres
--

COPY public.skill_update_request (id, points_awarded, status, reviewed_by, skill_id, user_id, updated_at) FROM stdin;
3	22	APPROVED	8	1	6	\N
6	25	APPROVED	8	1	6	\N
5	80	APPROVED	\N	1	17	\N
8	10	PENDING	\N	1	2	\N
10	10	APPROVED	\N	1	12	\N
11	40	APPROVED	\N	6	16	\N
12	10	APPROVED	\N	11	2	\N
\.


--
-- Data for Name: task; Type: TABLE DATA; Schema: public; Owner: postgres
--

COPY public.task (id, completed, description, assigned_user_id, project_id, due_date, status, title) FROM stdin;
20	f	aaaaaaaaaaaaa	17	3	2025-07-22 00:00:00	IN_PROGRESS	aaaaaaaa
21	f	job	12	5	2025-07-23 00:00:00	IN_PROGRESS	kill
18	f	kkk	12	5	2025-07-23 00:00:00	PENDING	hooooooo
12	f	Standardize how bugs are reported by QA	6	3	2025-07-23 00:00:00	IN_PROGRESS	kkkk
13	f	Standardize how bugs are reported by QA	16	5	2025-07-23 00:00:00	IN_PROGRESS	kkkk
14	f	Work with leads to finalize quarterly goals	2	5	2025-07-23 00:00:00	IN_PROGRESS	lol
22	f	gather all data nec	12	5	2025-07-31 00:00:00	IN_PROGRESS	data op
23	f	ttt	6	5	2025-07-26 00:00:00	IN_PROGRESS	ttt
24	f	yy	12	5	2025-07-27 00:00:00	IN_PROGRESS	yyy
25	f	ggg	17	5	2025-08-01 00:00:00	IN_PROGRESS	gggggggfklkf
\.


--
-- Data for Name: team; Type: TABLE DATA; Schema: public; Owner: postgres
--

COPY public.team (id, name, lead_id, description) FROM stdin;
13	Hacked Full Stack Team	\N	\N
16	cool team	\N	\N
26	bc 	\N	\N
36	gg	\N	\N
38	omomoomom	\N	\N
9	Full Stack Team	\N	\N
28	the bloodooo	\N	ggggggg
42	nnnnnnnnnn	\N	jjjn
56	kllk	\N	jjj
57	lm	\N	nn
43	aaaaaaaaaa	\N	aaaa
58	bna	\N	\N
37	mmm	\N	jk
61	hjjh	\N	jjj
62	hhh	\N	jhh
63	goooooooore	\N	jhh
60	hjjh	\N	jjjbn
\.


--
-- Data for Name: team_history; Type: TABLE DATA; Schema: public; Owner: postgres
--

COPY public.team_history (id, date, event, team_id, team_name) FROM stdin;
7	2025-07-04 15:05:43.145237	first design creted	\N	\N
11	2025-07-10 09:03:29.611316	Sprint planning completed	\N	\N
1	2025-07-03 15:58:22.788064	Team created	\N	\N
12	2025-07-11 09:58:38.70619	Sprint review completed	\N	\N
14	2025-07-16 06:13:18	kkkk	\N	\N
15	2025-07-25 10:14:56.469878	uuuuu	\N	\N
16	2025-07-25 10:30:41.785596	llllll	\N	\N
17	2025-07-29 13:27:47.735227	nxt	\N	\N
18	2025-07-29 15:17:48.963198	klklk	\N	\N
19	2025-07-29 15:25:28.007664	jkj	37	mmm
20	2025-07-29 15:46:17.204018	alkjkaj	36	gg
\.


--
-- Name: app_user_id_seq; Type: SEQUENCE SET; Schema: public; Owner: postgres
--

SELECT pg_catalog.setval('public.app_user_id_seq', 37, true);


--
-- Name: point_history_id_seq; Type: SEQUENCE SET; Schema: public; Owner: postgres
--

SELECT pg_catalog.setval('public.point_history_id_seq', 14, true);


--
-- Name: project_history_id_seq; Type: SEQUENCE SET; Schema: public; Owner: postgres
--

SELECT pg_catalog.setval('public.project_history_id_seq', 11, true);


--
-- Name: project_id_seq; Type: SEQUENCE SET; Schema: public; Owner: postgres
--

SELECT pg_catalog.setval('public.project_id_seq', 10, true);


--
-- Name: review_id_seq; Type: SEQUENCE SET; Schema: public; Owner: postgres
--

SELECT pg_catalog.setval('public.review_id_seq', 14, true);


--
-- Name: skill_id_seq; Type: SEQUENCE SET; Schema: public; Owner: postgres
--

SELECT pg_catalog.setval('public.skill_id_seq', 13, true);


--
-- Name: skill_update_request_id_seq; Type: SEQUENCE SET; Schema: public; Owner: postgres
--

SELECT pg_catalog.setval('public.skill_update_request_id_seq', 12, true);


--
-- Name: task_id_seq; Type: SEQUENCE SET; Schema: public; Owner: postgres
--

SELECT pg_catalog.setval('public.task_id_seq', 25, true);


--
-- Name: team_history_id_seq; Type: SEQUENCE SET; Schema: public; Owner: postgres
--

SELECT pg_catalog.setval('public.team_history_id_seq', 20, true);


--
-- Name: team_id_seq; Type: SEQUENCE SET; Schema: public; Owner: postgres
--

SELECT pg_catalog.setval('public.team_id_seq', 63, true);


--
-- Name: app_user app_user_pkey; Type: CONSTRAINT; Schema: public; Owner: postgres
--

ALTER TABLE ONLY public.app_user
    ADD CONSTRAINT app_user_pkey PRIMARY KEY (id);


--
-- Name: point_history point_history_pkey; Type: CONSTRAINT; Schema: public; Owner: postgres
--

ALTER TABLE ONLY public.point_history
    ADD CONSTRAINT point_history_pkey PRIMARY KEY (id);


--
-- Name: project_history project_history_pkey; Type: CONSTRAINT; Schema: public; Owner: postgres
--

ALTER TABLE ONLY public.project_history
    ADD CONSTRAINT project_history_pkey PRIMARY KEY (id);


--
-- Name: project project_pkey; Type: CONSTRAINT; Schema: public; Owner: postgres
--

ALTER TABLE ONLY public.project
    ADD CONSTRAINT project_pkey PRIMARY KEY (id);


--
-- Name: review review_pkey; Type: CONSTRAINT; Schema: public; Owner: postgres
--

ALTER TABLE ONLY public.review
    ADD CONSTRAINT review_pkey PRIMARY KEY (id);


--
-- Name: skill skill_pkey; Type: CONSTRAINT; Schema: public; Owner: postgres
--

ALTER TABLE ONLY public.skill
    ADD CONSTRAINT skill_pkey PRIMARY KEY (id);


--
-- Name: skill_update_request skill_update_request_pkey; Type: CONSTRAINT; Schema: public; Owner: postgres
--

ALTER TABLE ONLY public.skill_update_request
    ADD CONSTRAINT skill_update_request_pkey PRIMARY KEY (id);


--
-- Name: task task_pkey; Type: CONSTRAINT; Schema: public; Owner: postgres
--

ALTER TABLE ONLY public.task
    ADD CONSTRAINT task_pkey PRIMARY KEY (id);


--
-- Name: team_history team_history_pkey; Type: CONSTRAINT; Schema: public; Owner: postgres
--

ALTER TABLE ONLY public.team_history
    ADD CONSTRAINT team_history_pkey PRIMARY KEY (id);


--
-- Name: team team_pkey; Type: CONSTRAINT; Schema: public; Owner: postgres
--

ALTER TABLE ONLY public.team
    ADD CONSTRAINT team_pkey PRIMARY KEY (id);


--
-- Name: team ukis70p2atn56inn3rwuueu4rxn; Type: CONSTRAINT; Schema: public; Owner: postgres
--

ALTER TABLE ONLY public.team
    ADD CONSTRAINT ukis70p2atn56inn3rwuueu4rxn UNIQUE (lead_id);


--
-- Name: project_history fk4l9pv0k5xvwws1ey9jk6ii75n; Type: FK CONSTRAINT; Schema: public; Owner: postgres
--

ALTER TABLE ONLY public.project_history
    ADD CONSTRAINT fk4l9pv0k5xvwws1ey9jk6ii75n FOREIGN KEY (project_id) REFERENCES public.project(id);


--
-- Name: skill_update_request fk71ut3d5y9cyjv6elq9yyw16st; Type: FK CONSTRAINT; Schema: public; Owner: postgres
--

ALTER TABLE ONLY public.skill_update_request
    ADD CONSTRAINT fk71ut3d5y9cyjv6elq9yyw16st FOREIGN KEY (reviewed_by) REFERENCES public.app_user(id);


--
-- Name: project fk99hcloicqmg95ty11qht49n8x; Type: FK CONSTRAINT; Schema: public; Owner: postgres
--

ALTER TABLE ONLY public.project
    ADD CONSTRAINT fk99hcloicqmg95ty11qht49n8x FOREIGN KEY (team_id) REFERENCES public.team(id);


--
-- Name: skill_update_request fk9t2mbmv8cidv3804d1e5dt0ea; Type: FK CONSTRAINT; Schema: public; Owner: postgres
--

ALTER TABLE ONLY public.skill_update_request
    ADD CONSTRAINT fk9t2mbmv8cidv3804d1e5dt0ea FOREIGN KEY (skill_id) REFERENCES public.skill(id);


--
-- Name: team_history fk_team_history_team; Type: FK CONSTRAINT; Schema: public; Owner: postgres
--

ALTER TABLE ONLY public.team_history
    ADD CONSTRAINT fk_team_history_team FOREIGN KEY (team_id) REFERENCES public.team(id) ON DELETE SET NULL;


--
-- Name: app_user fkaauds0ajouf9m311rl6vf57dm; Type: FK CONSTRAINT; Schema: public; Owner: postgres
--

ALTER TABLE ONLY public.app_user
    ADD CONSTRAINT fkaauds0ajouf9m311rl6vf57dm FOREIGN KEY (team_id) REFERENCES public.team(id);


--
-- Name: review fkc7y0l3wac4n2ewm6a2uecd54c; Type: FK CONSTRAINT; Schema: public; Owner: postgres
--

ALTER TABLE ONLY public.review
    ADD CONSTRAINT fkc7y0l3wac4n2ewm6a2uecd54c FOREIGN KEY (user_id) REFERENCES public.app_user(id);


--
-- Name: review fkdksd7fbjmi2jpt8dsg27etnh2; Type: FK CONSTRAINT; Schema: public; Owner: postgres
--

ALTER TABLE ONLY public.review
    ADD CONSTRAINT fkdksd7fbjmi2jpt8dsg27etnh2 FOREIGN KEY (reviewer_id) REFERENCES public.app_user(id);


--
-- Name: task fkdntjmro7aeyn5ewir09f95cle; Type: FK CONSTRAINT; Schema: public; Owner: postgres
--

ALTER TABLE ONLY public.task
    ADD CONSTRAINT fkdntjmro7aeyn5ewir09f95cle FOREIGN KEY (assigned_user_id) REFERENCES public.app_user(id);


--
-- Name: point_history fki8rblmf1p59w7yhr8p8tpa1bk; Type: FK CONSTRAINT; Schema: public; Owner: postgres
--

ALTER TABLE ONLY public.point_history
    ADD CONSTRAINT fki8rblmf1p59w7yhr8p8tpa1bk FOREIGN KEY (given_by) REFERENCES public.app_user(id);


--
-- Name: task fkk8qrwowg31kx7hp93sru1pdqa; Type: FK CONSTRAINT; Schema: public; Owner: postgres
--

ALTER TABLE ONLY public.task
    ADD CONSTRAINT fkk8qrwowg31kx7hp93sru1pdqa FOREIGN KEY (project_id) REFERENCES public.project(id);


--
-- Name: skill_update_request fkngl4goom95ly89ded14bsf2ov; Type: FK CONSTRAINT; Schema: public; Owner: postgres
--

ALTER TABLE ONLY public.skill_update_request
    ADD CONSTRAINT fkngl4goom95ly89ded14bsf2ov FOREIGN KEY (user_id) REFERENCES public.app_user(id);


--
-- Name: point_history fkptjldddad27j5bowuds3p4he1; Type: FK CONSTRAINT; Schema: public; Owner: postgres
--

ALTER TABLE ONLY public.point_history
    ADD CONSTRAINT fkptjldddad27j5bowuds3p4he1 FOREIGN KEY (user_id) REFERENCES public.app_user(id);


--
-- Name: team fkqvpfv6y17bj9m4ujn255jm90h; Type: FK CONSTRAINT; Schema: public; Owner: postgres
--

ALTER TABLE ONLY public.team
    ADD CONSTRAINT fkqvpfv6y17bj9m4ujn255jm90h FOREIGN KEY (lead_id) REFERENCES public.app_user(id);


--
-- PostgreSQL database dump complete
--

